item_name,conversion_rate,total_revenue,revenue_per_sale
X,0.23809523809523808,8297.64,56.44653061224489
Y,0.03225806451612903,1357.882,43.80264516129032
