item_name,conversion_rate,total_revenue,revenue_per_sale
A,0.2,4072.681,54.302413333333334
B,0.20388349514563106,5582.840999999999,54.20233980582524
